,user
0,"{'login': 'meeseeksmachine', 'id': 39504233, 'node_id': 'MDQ6VXNlcjM5NTA0MjMz', 'avatar_url': 'https://avatars.githubusercontent.com/u/39504233?v=4', 'gravatar_id': '', 'url': 'https://api.github.com/users/meeseeksmachine', 'html_url': 'https://github.com/meeseeksmachine', 'followers_url': 'https://api.github.com/users/meeseeksmachine/followers', 'following_url': 'https://api.github.com/users/meeseeksmachine/following{/other_user}', 'gists_url': 'https://api.github.com/users/meeseeksmachine/gists{/gist_id}', 'starred_url': 'https://api.github.com/users/meeseeksmachine/starred{/owner}{/repo}', 'subscriptions_url': 'https://api.github.com/users/meeseeksmachine/subscriptions', 'organizations_url': 'https://api.github.com/users/meeseeksmachine/orgs', 'repos_url': 'https://api.github.com/users/meeseeksmachine/repos', 'events_url': 'https://api.github.com/users/meeseeksmachine/events{/privacy}', 'received_events_url': 'https://api.github.com/users/meeseeksmachine/received_events', 'type': 'User', 'site_admin': False}"
1,"{'login': 'davidcavazos', 'id': 2309379, 'node_id': 'MDQ6VXNlcjIzMDkzNzk=', 'avatar_url': 'https://avatars.githubusercontent.com/u/2309379?v=4', 'gravatar_id': '', 'url': 'https://api.github.com/users/davidcavazos', 'html_url': 'https://github.com/davidcavazos', 'followers_url': 'https://api.github.com/users/davidcavazos/followers', 'following_url': 'https://api.github.com/users/davidcavazos/following{/other_user}', 'gists_url': 'https://api.github.com/users/davidcavazos/gists{/gist_id}', 'starred_url': 'https://api.github.com/users/davidcavazos/starred{/owner}{/repo}', 'subscriptions_url': 'https://api.github.com/users/davidcavazos/subscriptions', 'organizations_url': 'https://api.github.com/users/davidcavazos/orgs', 'repos_url': 'https://api.github.com/users/davidcavazos/repos', 'events_url': 'https://api.github.com/users/davidcavazos/events{/privacy}', 'received_events_url': 'https://api.github.com/users/davidcavazos/received_events', 'type': 'User', 'site_admin': False}"
2,"{'login': 'pyrito', 'id': 8106509, 'node_id': 'MDQ6VXNlcjgxMDY1MDk=', 'avatar_url': 'https://avatars.githubusercontent.com/u/8106509?v=4', 'gravatar_id': '', 'url': 'https://api.github.com/users/pyrito', 'html_url': 'https://github.com/pyrito', 'followers_url': 'https://api.github.com/users/pyrito/followers', 'following_url': 'https://api.github.com/users/pyrito/following{/other_user}', 'gists_url': 'https://api.github.com/users/pyrito/gists{/gist_id}', 'starred_url': 'https://api.github.com/users/pyrito/starred{/owner}{/repo}', 'subscriptions_url': 'https://api.github.com/users/pyrito/subscriptions', 'organizations_url': 'https://api.github.com/users/pyrito/orgs', 'repos_url': 'https://api.github.com/users/pyrito/repos', 'events_url': 'https://api.github.com/users/pyrito/events{/privacy}', 'received_events_url': 'https://api.github.com/users/pyrito/received_events', 'type': 'User', 'site_admin': False}"
3,"{'login': 'Dr-Irv', 'id': 15113894, 'node_id': 'MDQ6VXNlcjE1MTEzODk0', 'avatar_url': 'https://avatars.githubusercontent.com/u/15113894?v=4', 'gravatar_id': '', 'url': 'https://api.github.com/users/Dr-Irv', 'html_url': 'https://github.com/Dr-Irv', 'followers_url': 'https://api.github.com/users/Dr-Irv/followers', 'following_url': 'https://api.github.com/users/Dr-Irv/following{/other_user}', 'gists_url': 'https://api.github.com/users/Dr-Irv/gists{/gist_id}', 'starred_url': 'https://api.github.com/users/Dr-Irv/starred{/owner}{/repo}', 'subscriptions_url': 'https://api.github.com/users/Dr-Irv/subscriptions', 'organizations_url': 'https://api.github.com/users/Dr-Irv/orgs', 'repos_url': 'https://api.github.com/users/Dr-Irv/repos', 'events_url': 'https://api.github.com/users/Dr-Irv/events{/privacy}', 'received_events_url': 'https://api.github.com/users/Dr-Irv/received_events', 'type': 'User', 'site_admin': False}"
4,"{'login': 'vishhy', 'id': 76154791, 'node_id': 'MDQ6VXNlcjc2MTU0Nzkx', 'avatar_url': 'https://avatars.githubusercontent.com/u/76154791?v=4', 'gravatar_id': '', 'url': 'https://api.github.com/users/vishhy', 'html_url': 'https://github.com/vishhy', 'followers_url': 'https://api.github.com/users/vishhy/followers', 'following_url': 'https://api.github.com/users/vishhy/following{/other_user}', 'gists_url': 'https://api.github.com/users/vishhy/gists{/gist_id}', 'starred_url': 'https://api.github.com/users/vishhy/starred{/owner}{/repo}', 'subscriptions_url': 'https://api.github.com/users/vishhy/subscriptions', 'organizations_url': 'https://api.github.com/users/vishhy/orgs', 'repos_url': 'https://api.github.com/users/vishhy/repos', 'events_url': 'https://api.github.com/users/vishhy/events{/privacy}', 'received_events_url': 'https://api.github.com/users/vishhy/received_events', 'type': 'User', 'site_admin': False}"
5,"{'login': 'simonjayhawkins', 'id': 13159005, 'node_id': 'MDQ6VXNlcjEzMTU5MDA1', 'avatar_url': 'https://avatars.githubusercontent.com/u/13159005?v=4', 'gravatar_id': '', 'url': 'https://api.github.com/users/simonjayhawkins', 'html_url': 'https://github.com/simonjayhawkins', 'followers_url': 'https://api.github.com/users/simonjayhawkins/followers', 'following_url': 'https://api.github.com/users/simonjayhawkins/following{/other_user}', 'gists_url': 'https://api.github.com/users/simonjayhawkins/gists{/gist_id}', 'starred_url': 'https://api.github.com/users/simonjayhawkins/starred{/owner}{/repo}', 'subscriptions_url': 'https://api.github.com/users/simonjayhawkins/subscriptions', 'organizations_url': 'https://api.github.com/users/simonjayhawkins/orgs', 'repos_url': 'https://api.github.com/users/simonjayhawkins/repos', 'events_url': 'https://api.github.com/users/simonjayhawkins/events{/privacy}', 'received_events_url': 'https://api.github.com/users/simonjayhawkins/received_events', 'type': 'User', 'site_admin': False}"
6,"{'login': 'phofl', 'id': 61934744, 'node_id': 'MDQ6VXNlcjYxOTM0NzQ0', 'avatar_url': 'https://avatars.githubusercontent.com/u/61934744?v=4', 'gravatar_id': '', 'url': 'https://api.github.com/users/phofl', 'html_url': 'https://github.com/phofl', 'followers_url': 'https://api.github.com/users/phofl/followers', 'following_url': 'https://api.github.com/users/phofl/following{/other_user}', 'gists_url': 'https://api.github.com/users/phofl/gists{/gist_id}', 'starred_url': 'https://api.github.com/users/phofl/starred{/owner}{/repo}', 'subscriptions_url': 'https://api.github.com/users/phofl/subscriptions', 'organizations_url': 'https://api.github.com/users/phofl/orgs', 'repos_url': 'https://api.github.com/users/phofl/repos', 'events_url': 'https://api.github.com/users/phofl/events{/privacy}', 'received_events_url': 'https://api.github.com/users/phofl/received_events', 'type': 'User', 'site_admin': False}"
7,"{'login': 'phofl', 'id': 61934744, 'node_id': 'MDQ6VXNlcjYxOTM0NzQ0', 'avatar_url': 'https://avatars.githubusercontent.com/u/61934744?v=4', 'gravatar_id': '', 'url': 'https://api.github.com/users/phofl', 'html_url': 'https://github.com/phofl', 'followers_url': 'https://api.github.com/users/phofl/followers', 'following_url': 'https://api.github.com/users/phofl/following{/other_user}', 'gists_url': 'https://api.github.com/users/phofl/gists{/gist_id}', 'starred_url': 'https://api.github.com/users/phofl/starred{/owner}{/repo}', 'subscriptions_url': 'https://api.github.com/users/phofl/subscriptions', 'organizations_url': 'https://api.github.com/users/phofl/orgs', 'repos_url': 'https://api.github.com/users/phofl/repos', 'events_url': 'https://api.github.com/users/phofl/events{/privacy}', 'received_events_url': 'https://api.github.com/users/phofl/received_events', 'type': 'User', 'site_admin': False}"
8,"{'login': 'meeseeksmachine', 'id': 39504233, 'node_id': 'MDQ6VXNlcjM5NTA0MjMz', 'avatar_url': 'https://avatars.githubusercontent.com/u/39504233?v=4', 'gravatar_id': '', 'url': 'https://api.github.com/users/meeseeksmachine', 'html_url': 'https://github.com/meeseeksmachine', 'followers_url': 'https://api.github.com/users/meeseeksmachine/followers', 'following_url': 'https://api.github.com/users/meeseeksmachine/following{/other_user}', 'gists_url': 'https://api.github.com/users/meeseeksmachine/gists{/gist_id}', 'starred_url': 'https://api.github.com/users/meeseeksmachine/starred{/owner}{/repo}', 'subscriptions_url': 'https://api.github.com/users/meeseeksmachine/subscriptions', 'organizations_url': 'https://api.github.com/users/meeseeksmachine/orgs', 'repos_url': 'https://api.github.com/users/meeseeksmachine/repos', 'events_url': 'https://api.github.com/users/meeseeksmachine/events{/privacy}', 'received_events_url': 'https://api.github.com/users/meeseeksmachine/received_events', 'type': 'User', 'site_admin': False}"
9,"{'login': 'pnjun', 'id': 179163, 'node_id': 'MDQ6VXNlcjE3OTE2Mw==', 'avatar_url': 'https://avatars.githubusercontent.com/u/179163?v=4', 'gravatar_id': '', 'url': 'https://api.github.com/users/pnjun', 'html_url': 'https://github.com/pnjun', 'followers_url': 'https://api.github.com/users/pnjun/followers', 'following_url': 'https://api.github.com/users/pnjun/following{/other_user}', 'gists_url': 'https://api.github.com/users/pnjun/gists{/gist_id}', 'starred_url': 'https://api.github.com/users/pnjun/starred{/owner}{/repo}', 'subscriptions_url': 'https://api.github.com/users/pnjun/subscriptions', 'organizations_url': 'https://api.github.com/users/pnjun/orgs', 'repos_url': 'https://api.github.com/users/pnjun/repos', 'events_url': 'https://api.github.com/users/pnjun/events{/privacy}', 'received_events_url': 'https://api.github.com/users/pnjun/received_events', 'type': 'User', 'site_admin': False}"
10,"{'login': 'phofl', 'id': 61934744, 'node_id': 'MDQ6VXNlcjYxOTM0NzQ0', 'avatar_url': 'https://avatars.githubusercontent.com/u/61934744?v=4', 'gravatar_id': '', 'url': 'https://api.github.com/users/phofl', 'html_url': 'https://github.com/phofl', 'followers_url': 'https://api.github.com/users/phofl/followers', 'following_url': 'https://api.github.com/users/phofl/following{/other_user}', 'gists_url': 'https://api.github.com/users/phofl/gists{/gist_id}', 'starred_url': 'https://api.github.com/users/phofl/starred{/owner}{/repo}', 'subscriptions_url': 'https://api.github.com/users/phofl/subscriptions', 'organizations_url': 'https://api.github.com/users/phofl/orgs', 'repos_url': 'https://api.github.com/users/phofl/repos', 'events_url': 'https://api.github.com/users/phofl/events{/privacy}', 'received_events_url': 'https://api.github.com/users/phofl/received_events', 'type': 'User', 'site_admin': False}"
11,"{'login': 'hauntsaninja', 'id': 12621235, 'node_id': 'MDQ6VXNlcjEyNjIxMjM1', 'avatar_url': 'https://avatars.githubusercontent.com/u/12621235?v=4', 'gravatar_id': '', 'url': 'https://api.github.com/users/hauntsaninja', 'html_url': 'https://github.com/hauntsaninja', 'followers_url': 'https://api.github.com/users/hauntsaninja/followers', 'following_url': 'https://api.github.com/users/hauntsaninja/following{/other_user}', 'gists_url': 'https://api.github.com/users/hauntsaninja/gists{/gist_id}', 'starred_url': 'https://api.github.com/users/hauntsaninja/starred{/owner}{/repo}', 'subscriptions_url': 'https://api.github.com/users/hauntsaninja/subscriptions', 'organizations_url': 'https://api.github.com/users/hauntsaninja/orgs', 'repos_url': 'https://api.github.com/users/hauntsaninja/repos', 'events_url': 'https://api.github.com/users/hauntsaninja/events{/privacy}', 'received_events_url': 'https://api.github.com/users/hauntsaninja/received_events', 'type': 'User', 'site_admin': False}"
12,"{'login': 'a-reich', 'id': 73507369, 'node_id': 'MDQ6VXNlcjczNTA3MzY5', 'avatar_url': 'https://avatars.githubusercontent.com/u/73507369?v=4', 'gravatar_id': '', 'url': 'https://api.github.com/users/a-reich', 'html_url': 'https://github.com/a-reich', 'followers_url': 'https://api.github.com/users/a-reich/followers', 'following_url': 'https://api.github.com/users/a-reich/following{/other_user}', 'gists_url': 'https://api.github.com/users/a-reich/gists{/gist_id}', 'starred_url': 'https://api.github.com/users/a-reich/starred{/owner}{/repo}', 'subscriptions_url': 'https://api.github.com/users/a-reich/subscriptions', 'organizations_url': 'https://api.github.com/users/a-reich/orgs', 'repos_url': 'https://api.github.com/users/a-reich/repos', 'events_url': 'https://api.github.com/users/a-reich/events{/privacy}', 'received_events_url': 'https://api.github.com/users/a-reich/received_events', 'type': 'User', 'site_admin': False}"
13,"{'login': 'ssche', 'id': 7367411, 'node_id': 'MDQ6VXNlcjczNjc0MTE=', 'avatar_url': 'https://avatars.githubusercontent.com/u/7367411?v=4', 'gravatar_id': '', 'url': 'https://api.github.com/users/ssche', 'html_url': 'https://github.com/ssche', 'followers_url': 'https://api.github.com/users/ssche/followers', 'following_url': 'https://api.github.com/users/ssche/following{/other_user}', 'gists_url': 'https://api.github.com/users/ssche/gists{/gist_id}', 'starred_url': 'https://api.github.com/users/ssche/starred{/owner}{/repo}', 'subscriptions_url': 'https://api.github.com/users/ssche/subscriptions', 'organizations_url': 'https://api.github.com/users/ssche/orgs', 'repos_url': 'https://api.github.com/users/ssche/repos', 'events_url': 'https://api.github.com/users/ssche/events{/privacy}', 'received_events_url': 'https://api.github.com/users/ssche/received_events', 'type': 'User', 'site_admin': False}"
14,"{'login': 'tylerjereddy', 'id': 7903078, 'node_id': 'MDQ6VXNlcjc5MDMwNzg=', 'avatar_url': 'https://avatars.githubusercontent.com/u/7903078?v=4', 'gravatar_id': '', 'url': 'https://api.github.com/users/tylerjereddy', 'html_url': 'https://github.com/tylerjereddy', 'followers_url': 'https://api.github.com/users/tylerjereddy/followers', 'following_url': 'https://api.github.com/users/tylerjereddy/following{/other_user}', 'gists_url': 'https://api.github.com/users/tylerjereddy/gists{/gist_id}', 'starred_url': 'https://api.github.com/users/tylerjereddy/starred{/owner}{/repo}', 'subscriptions_url': 'https://api.github.com/users/tylerjereddy/subscriptions', 'organizations_url': 'https://api.github.com/users/tylerjereddy/orgs', 'repos_url': 'https://api.github.com/users/tylerjereddy/repos', 'events_url': 'https://api.github.com/users/tylerjereddy/events{/privacy}', 'received_events_url': 'https://api.github.com/users/tylerjereddy/received_events', 'type': 'User', 'site_admin': False}"
15,"{'login': 'phofl', 'id': 61934744, 'node_id': 'MDQ6VXNlcjYxOTM0NzQ0', 'avatar_url': 'https://avatars.githubusercontent.com/u/61934744?v=4', 'gravatar_id': '', 'url': 'https://api.github.com/users/phofl', 'html_url': 'https://github.com/phofl', 'followers_url': 'https://api.github.com/users/phofl/followers', 'following_url': 'https://api.github.com/users/phofl/following{/other_user}', 'gists_url': 'https://api.github.com/users/phofl/gists{/gist_id}', 'starred_url': 'https://api.github.com/users/phofl/starred{/owner}{/repo}', 'subscriptions_url': 'https://api.github.com/users/phofl/subscriptions', 'organizations_url': 'https://api.github.com/users/phofl/orgs', 'repos_url': 'https://api.github.com/users/phofl/repos', 'events_url': 'https://api.github.com/users/phofl/events{/privacy}', 'received_events_url': 'https://api.github.com/users/phofl/received_events', 'type': 'User', 'site_admin': False}"
16,"{'login': 'samrao1997', 'id': 29559404, 'node_id': 'MDQ6VXNlcjI5NTU5NDA0', 'avatar_url': 'https://avatars.githubusercontent.com/u/29559404?v=4', 'gravatar_id': '', 'url': 'https://api.github.com/users/samrao1997', 'html_url': 'https://github.com/samrao1997', 'followers_url': 'https://api.github.com/users/samrao1997/followers', 'following_url': 'https://api.github.com/users/samrao1997/following{/other_user}', 'gists_url': 'https://api.github.com/users/samrao1997/gists{/gist_id}', 'starred_url': 'https://api.github.com/users/samrao1997/starred{/owner}{/repo}', 'subscriptions_url': 'https://api.github.com/users/samrao1997/subscriptions', 'organizations_url': 'https://api.github.com/users/samrao1997/orgs', 'repos_url': 'https://api.github.com/users/samrao1997/repos', 'events_url': 'https://api.github.com/users/samrao1997/events{/privacy}', 'received_events_url': 'https://api.github.com/users/samrao1997/received_events', 'type': 'User', 'site_admin': False}"
17,"{'login': 'amotzop', 'id': 102261144, 'node_id': 'U_kgDOBhhhmA', 'avatar_url': 'https://avatars.githubusercontent.com/u/102261144?v=4', 'gravatar_id': '', 'url': 'https://api.github.com/users/amotzop', 'html_url': 'https://github.com/amotzop', 'followers_url': 'https://api.github.com/users/amotzop/followers', 'following_url': 'https://api.github.com/users/amotzop/following{/other_user}', 'gists_url': 'https://api.github.com/users/amotzop/gists{/gist_id}', 'starred_url': 'https://api.github.com/users/amotzop/starred{/owner}{/repo}', 'subscriptions_url': 'https://api.github.com/users/amotzop/subscriptions', 'organizations_url': 'https://api.github.com/users/amotzop/orgs', 'repos_url': 'https://api.github.com/users/amotzop/repos', 'events_url': 'https://api.github.com/users/amotzop/events{/privacy}', 'received_events_url': 'https://api.github.com/users/amotzop/received_events', 'type': 'User', 'site_admin': False}"
18,"{'login': 'mroeschke', 'id': 10647082, 'node_id': 'MDQ6VXNlcjEwNjQ3MDgy', 'avatar_url': 'https://avatars.githubusercontent.com/u/10647082?v=4', 'gravatar_id': '', 'url': 'https://api.github.com/users/mroeschke', 'html_url': 'https://github.com/mroeschke', 'followers_url': 'https://api.github.com/users/mroeschke/followers', 'following_url': 'https://api.github.com/users/mroeschke/following{/other_user}', 'gists_url': 'https://api.github.com/users/mroeschke/gists{/gist_id}', 'starred_url': 'https://api.github.com/users/mroeschke/starred{/owner}{/repo}', 'subscriptions_url': 'https://api.github.com/users/mroeschke/subscriptions', 'organizations_url': 'https://api.github.com/users/mroeschke/orgs', 'repos_url': 'https://api.github.com/users/mroeschke/repos', 'events_url': 'https://api.github.com/users/mroeschke/events{/privacy}', 'received_events_url': 'https://api.github.com/users/mroeschke/received_events', 'type': 'User', 'site_admin': False}"
19,"{'login': 'keithbriggs', 'id': 5146641, 'node_id': 'MDQ6VXNlcjUxNDY2NDE=', 'avatar_url': 'https://avatars.githubusercontent.com/u/5146641?v=4', 'gravatar_id': '', 'url': 'https://api.github.com/users/keithbriggs', 'html_url': 'https://github.com/keithbriggs', 'followers_url': 'https://api.github.com/users/keithbriggs/followers', 'following_url': 'https://api.github.com/users/keithbriggs/following{/other_user}', 'gists_url': 'https://api.github.com/users/keithbriggs/gists{/gist_id}', 'starred_url': 'https://api.github.com/users/keithbriggs/starred{/owner}{/repo}', 'subscriptions_url': 'https://api.github.com/users/keithbriggs/subscriptions', 'organizations_url': 'https://api.github.com/users/keithbriggs/orgs', 'repos_url': 'https://api.github.com/users/keithbriggs/repos', 'events_url': 'https://api.github.com/users/keithbriggs/events{/privacy}', 'received_events_url': 'https://api.github.com/users/keithbriggs/received_events', 'type': 'User', 'site_admin': False}"
20,"{'login': 'weikhor', 'id': 36619387, 'node_id': 'MDQ6VXNlcjM2NjE5Mzg3', 'avatar_url': 'https://avatars.githubusercontent.com/u/36619387?v=4', 'gravatar_id': '', 'url': 'https://api.github.com/users/weikhor', 'html_url': 'https://github.com/weikhor', 'followers_url': 'https://api.github.com/users/weikhor/followers', 'following_url': 'https://api.github.com/users/weikhor/following{/other_user}', 'gists_url': 'https://api.github.com/users/weikhor/gists{/gist_id}', 'starred_url': 'https://api.github.com/users/weikhor/starred{/owner}{/repo}', 'subscriptions_url': 'https://api.github.com/users/weikhor/subscriptions', 'organizations_url': 'https://api.github.com/users/weikhor/orgs', 'repos_url': 'https://api.github.com/users/weikhor/repos', 'events_url': 'https://api.github.com/users/weikhor/events{/privacy}', 'received_events_url': 'https://api.github.com/users/weikhor/received_events', 'type': 'User', 'site_admin': False}"
21,"{'login': 'agodbug', 'id': 10971788, 'node_id': 'MDQ6VXNlcjEwOTcxNzg4', 'avatar_url': 'https://avatars.githubusercontent.com/u/10971788?v=4', 'gravatar_id': '', 'url': 'https://api.github.com/users/agodbug', 'html_url': 'https://github.com/agodbug', 'followers_url': 'https://api.github.com/users/agodbug/followers', 'following_url': 'https://api.github.com/users/agodbug/following{/other_user}', 'gists_url': 'https://api.github.com/users/agodbug/gists{/gist_id}', 'starred_url': 'https://api.github.com/users/agodbug/starred{/owner}{/repo}', 'subscriptions_url': 'https://api.github.com/users/agodbug/subscriptions', 'organizations_url': 'https://api.github.com/users/agodbug/orgs', 'repos_url': 'https://api.github.com/users/agodbug/repos', 'events_url': 'https://api.github.com/users/agodbug/events{/privacy}', 'received_events_url': 'https://api.github.com/users/agodbug/received_events', 'type': 'User', 'site_admin': False}"
22,"{'login': 'mroeschke', 'id': 10647082, 'node_id': 'MDQ6VXNlcjEwNjQ3MDgy', 'avatar_url': 'https://avatars.githubusercontent.com/u/10647082?v=4', 'gravatar_id': '', 'url': 'https://api.github.com/users/mroeschke', 'html_url': 'https://github.com/mroeschke', 'followers_url': 'https://api.github.com/users/mroeschke/followers', 'following_url': 'https://api.github.com/users/mroeschke/following{/other_user}', 'gists_url': 'https://api.github.com/users/mroeschke/gists{/gist_id}', 'starred_url': 'https://api.github.com/users/mroeschke/starred{/owner}{/repo}', 'subscriptions_url': 'https://api.github.com/users/mroeschke/subscriptions', 'organizations_url': 'https://api.github.com/users/mroeschke/orgs', 'repos_url': 'https://api.github.com/users/mroeschke/repos', 'events_url': 'https://api.github.com/users/mroeschke/events{/privacy}', 'received_events_url': 'https://api.github.com/users/mroeschke/received_events', 'type': 'User', 'site_admin': False}"
23,"{'login': 'MarcoGorelli', 'id': 33491632, 'node_id': 'MDQ6VXNlcjMzNDkxNjMy', 'avatar_url': 'https://avatars.githubusercontent.com/u/33491632?v=4', 'gravatar_id': '', 'url': 'https://api.github.com/users/MarcoGorelli', 'html_url': 'https://github.com/MarcoGorelli', 'followers_url': 'https://api.github.com/users/MarcoGorelli/followers', 'following_url': 'https://api.github.com/users/MarcoGorelli/following{/other_user}', 'gists_url': 'https://api.github.com/users/MarcoGorelli/gists{/gist_id}', 'starred_url': 'https://api.github.com/users/MarcoGorelli/starred{/owner}{/repo}', 'subscriptions_url': 'https://api.github.com/users/MarcoGorelli/subscriptions', 'organizations_url': 'https://api.github.com/users/MarcoGorelli/orgs', 'repos_url': 'https://api.github.com/users/MarcoGorelli/repos', 'events_url': 'https://api.github.com/users/MarcoGorelli/events{/privacy}', 'received_events_url': 'https://api.github.com/users/MarcoGorelli/received_events', 'type': 'User', 'site_admin': False}"
24,"{'login': 'Th3nn3ss', 'id': 25160953, 'node_id': 'MDQ6VXNlcjI1MTYwOTUz', 'avatar_url': 'https://avatars.githubusercontent.com/u/25160953?v=4', 'gravatar_id': '', 'url': 'https://api.github.com/users/Th3nn3ss', 'html_url': 'https://github.com/Th3nn3ss', 'followers_url': 'https://api.github.com/users/Th3nn3ss/followers', 'following_url': 'https://api.github.com/users/Th3nn3ss/following{/other_user}', 'gists_url': 'https://api.github.com/users/Th3nn3ss/gists{/gist_id}', 'starred_url': 'https://api.github.com/users/Th3nn3ss/starred{/owner}{/repo}', 'subscriptions_url': 'https://api.github.com/users/Th3nn3ss/subscriptions', 'organizations_url': 'https://api.github.com/users/Th3nn3ss/orgs', 'repos_url': 'https://api.github.com/users/Th3nn3ss/repos', 'events_url': 'https://api.github.com/users/Th3nn3ss/events{/privacy}', 'received_events_url': 'https://api.github.com/users/Th3nn3ss/received_events', 'type': 'User', 'site_admin': False}"
25,"{'login': 'jorisvandenbossche', 'id': 1020496, 'node_id': 'MDQ6VXNlcjEwMjA0OTY=', 'avatar_url': 'https://avatars.githubusercontent.com/u/1020496?v=4', 'gravatar_id': '', 'url': 'https://api.github.com/users/jorisvandenbossche', 'html_url': 'https://github.com/jorisvandenbossche', 'followers_url': 'https://api.github.com/users/jorisvandenbossche/followers', 'following_url': 'https://api.github.com/users/jorisvandenbossche/following{/other_user}', 'gists_url': 'https://api.github.com/users/jorisvandenbossche/gists{/gist_id}', 'starred_url': 'https://api.github.com/users/jorisvandenbossche/starred{/owner}{/repo}', 'subscriptions_url': 'https://api.github.com/users/jorisvandenbossche/subscriptions', 'organizations_url': 'https://api.github.com/users/jorisvandenbossche/orgs', 'repos_url': 'https://api.github.com/users/jorisvandenbossche/repos', 'events_url': 'https://api.github.com/users/jorisvandenbossche/events{/privacy}', 'received_events_url': 'https://api.github.com/users/jorisvandenbossche/received_events', 'type': 'User', 'site_admin': False}"
26,"{'login': 'Code0x58', 'id': 9309570, 'node_id': 'MDQ6VXNlcjkzMDk1NzA=', 'avatar_url': 'https://avatars.githubusercontent.com/u/9309570?v=4', 'gravatar_id': '', 'url': 'https://api.github.com/users/Code0x58', 'html_url': 'https://github.com/Code0x58', 'followers_url': 'https://api.github.com/users/Code0x58/followers', 'following_url': 'https://api.github.com/users/Code0x58/following{/other_user}', 'gists_url': 'https://api.github.com/users/Code0x58/gists{/gist_id}', 'starred_url': 'https://api.github.com/users/Code0x58/starred{/owner}{/repo}', 'subscriptions_url': 'https://api.github.com/users/Code0x58/subscriptions', 'organizations_url': 'https://api.github.com/users/Code0x58/orgs', 'repos_url': 'https://api.github.com/users/Code0x58/repos', 'events_url': 'https://api.github.com/users/Code0x58/events{/privacy}', 'received_events_url': 'https://api.github.com/users/Code0x58/received_events', 'type': 'User', 'site_admin': False}"
27,"{'login': 'CloseChoice', 'id': 31857876, 'node_id': 'MDQ6VXNlcjMxODU3ODc2', 'avatar_url': 'https://avatars.githubusercontent.com/u/31857876?v=4', 'gravatar_id': '', 'url': 'https://api.github.com/users/CloseChoice', 'html_url': 'https://github.com/CloseChoice', 'followers_url': 'https://api.github.com/users/CloseChoice/followers', 'following_url': 'https://api.github.com/users/CloseChoice/following{/other_user}', 'gists_url': 'https://api.github.com/users/CloseChoice/gists{/gist_id}', 'starred_url': 'https://api.github.com/users/CloseChoice/starred{/owner}{/repo}', 'subscriptions_url': 'https://api.github.com/users/CloseChoice/subscriptions', 'organizations_url': 'https://api.github.com/users/CloseChoice/orgs', 'repos_url': 'https://api.github.com/users/CloseChoice/repos', 'events_url': 'https://api.github.com/users/CloseChoice/events{/privacy}', 'received_events_url': 'https://api.github.com/users/CloseChoice/received_events', 'type': 'User', 'site_admin': False}"
28,"{'login': 'mroeschke', 'id': 10647082, 'node_id': 'MDQ6VXNlcjEwNjQ3MDgy', 'avatar_url': 'https://avatars.githubusercontent.com/u/10647082?v=4', 'gravatar_id': '', 'url': 'https://api.github.com/users/mroeschke', 'html_url': 'https://github.com/mroeschke', 'followers_url': 'https://api.github.com/users/mroeschke/followers', 'following_url': 'https://api.github.com/users/mroeschke/following{/other_user}', 'gists_url': 'https://api.github.com/users/mroeschke/gists{/gist_id}', 'starred_url': 'https://api.github.com/users/mroeschke/starred{/owner}{/repo}', 'subscriptions_url': 'https://api.github.com/users/mroeschke/subscriptions', 'organizations_url': 'https://api.github.com/users/mroeschke/orgs', 'repos_url': 'https://api.github.com/users/mroeschke/repos', 'events_url': 'https://api.github.com/users/mroeschke/events{/privacy}', 'received_events_url': 'https://api.github.com/users/mroeschke/received_events', 'type': 'User', 'site_admin': False}"
29,"{'login': 'mroeschke', 'id': 10647082, 'node_id': 'MDQ6VXNlcjEwNjQ3MDgy', 'avatar_url': 'https://avatars.githubusercontent.com/u/10647082?v=4', 'gravatar_id': '', 'url': 'https://api.github.com/users/mroeschke', 'html_url': 'https://github.com/mroeschke', 'followers_url': 'https://api.github.com/users/mroeschke/followers', 'following_url': 'https://api.github.com/users/mroeschke/following{/other_user}', 'gists_url': 'https://api.github.com/users/mroeschke/gists{/gist_id}', 'starred_url': 'https://api.github.com/users/mroeschke/starred{/owner}{/repo}', 'subscriptions_url': 'https://api.github.com/users/mroeschke/subscriptions', 'organizations_url': 'https://api.github.com/users/mroeschke/orgs', 'repos_url': 'https://api.github.com/users/mroeschke/repos', 'events_url': 'https://api.github.com/users/mroeschke/events{/privacy}', 'received_events_url': 'https://api.github.com/users/mroeschke/received_events', 'type': 'User', 'site_admin': False}"
